EM.CNPJ;EM.RAZAO_SOCIAL;EM.NATUREZA_JURIDICA;EM.QUALIFICACAO_RESP;EM.CAPITAL_SOCIAL;EM.PORTE;EM.ENTE_FEDERATIVO
00056078;CONSULTORIA CONTABIL BINATI & ASSOCIADOS S/S;2232;49;18,18;03;
00877413;BRITTO E GOULART INSTITUTO DE PSICOLOGIA, TREINAMENTO E APERFEICOAMENTO PROFISSIONAL LTDA;2062;49;100000,00;01;
01319019;HORANOBRE COMERCIO DE PNEUS E ACESSORIOS LTDA;2062;49;0,00;01;
01319804;GOVEIA & OLIVEIRA LTDA;2062;49;0,00;05;
01321692;CLINICA AGNELLO S/C LTDA;2240;49;0,00;01;
01323294;ELIZANGELA M. F. SANTOS E CIA LTDA;2062;49;0,00;01;
01323728;ANNUNCIATO ADVOGADOS ASSOCIADOS;2232;49;500,00;05;
01323750;ESCOLINHA DA BETH EDUCACAO INFANTIL S/C LTDA;2240;49;0,00;05;
01323867;TELA CENTER 131 LTDA;2062;49;0,00;01;
01324008;A Q M COMERCIO DE SUCATAS LTDA;2062;49;0,00;05;
01325438;JACARANDA COMERCIO DE PRODUTOS AGROPECUARIOS LTDA;2062;49;0,00;05;
01326515;RDL SERVICOS DE ASSESSORIA TECNICA S/C LTDA;2240;28;0,00;05;
01327708;TECMOLDIN INDUSTRIA DE MATRIZES LTDA;2062;49;700000,00;03;
01328908;TODO DIA MAT PARA CONSTRUCAO E AGROPECUARIA LTDA;2062;49;45000,00;01;
01329472;J & B BIRIGUI INDUSTRIA DE CALCADOS LTDA;2062;49;70000,00;01;
01330758;FLOR E LUCIA MATERIAIS DE CONSTRUCAO LTDA;2062;49;0,00;01;
01331258;CASA DE REPOUSO SANTA BARBARA S/C LTDA;2062;49;0,00;05;
01331543;ASSOCIACAO COMUNITARIA DE PALMEIRAS;3999;16;0,00;05;
01333505;ASSOCIACAO DE PAIS E AMIGOS DOS DEFICIENTES RJ;3999;16;0,00;05;
01333521;WAITIMAN REPRESENTACOES COMERCIAIS LTDA;2062;49;0,00;01;
01334066;DARIO JOSE LIMA & CIA LTDA;2062;49;0,00;05;
01335149;NIXAM - REPRESENTACOES LTDA;2062;49;0,00;05;
01335172;JR COMERCIO DE PRODUTOS VETERINARIOS LTDA;2062;49;0,00;01;
01335201;ASS COM BENEFICIENTE DOS TRAB RURAIS DO ENG BADALEJO;3999;16;0,00;05;
01335545;MN EXPRESS SERVICOS LTDA;2062;49;20000,00;01;
01335583;MARCOS ANTONIO DO PRADO & CIA LTDA;2062;49;0,00;01;
01336257;APP DA ESCOLA ISOLADA CAMPO DA ESTIVA;3999;16;0,00;05;
01337202;PEQUENO SERVICOS AUTOMOTIVOS LTDA;2062;49;5000,00;01;
01338627;STAR PLUS COMPUTERS IMPORTACOES LTDA;2062;49;40000,00;05;
01339514;HIPER MERCADO GOTARDO LTDA;2062;49;8550800,00;05;
01339759;ADONAI ESTACIONAMENTO LTDA;2240;49;0,00;01;
01340188;ADDRESS FORMENTO MERCANTIL LTDA;2062;49;0,00;05;
01340257;IGREJA EVANGELICA PENTECOSTAL A PALAVRA DO DEUS VIVO;3999;16;0,00;05;
01340673;CONSMIC CONSTRUCAO, MANUTENCAO, INDUSTRIA E COMERCIO LTDA;2062;49;0,00;01;
01340810;CAC SERVICOS GERAIS LTDA;2062;49;0,00;01;
01341512;RPM CAMINHOES LTDA;2062;49;0,00;01;
01341936;CHITAL ALUMINIO E FERRO LTDA;2062;49;0,00;01;
01341982;RAMOS & CARVALHO PIRACICABA LTDA;2062;49;3000,00;03;
01342775;CARVALHOS CONSTRUCOES LTDA;2062;49;0,00;05;
01344116;BRANDO E MOURA LTDA;2062;49;0,00;01;
01344542;EDITORA GRAFICA CONTATTO LTDA;2062;49;10000,00;01;
01344881;CPD - CONTABILIDADE LTDA;2062;49;2000,00;01;
01345304;DIRETORIO DO PARTIDO DA FRENTE LIBERAL;3999;16;0,00;05;
01345496;BRASIL COMERCIO E REPRESENTACAO COMERCIAL DE ARTIGOS HOSPITALARES LTDA;2062;49;0,00;01;
01346208;CLINICA ODONTOLOGICA NUNES LTDA;2062;49;0,00;05;
01347165;D & K COMERCIO LTDA;2062;49;0,00;05;
01347485;MARY BLUE BAZAR LTDA;2062;49;0,00;01;
01347956;CONSELHO DELIBERATIVO DA EEPG DOM BOSCO;3999;16;0,00;05;
01349068;ASSOCIACAO BANDA MUSICAL JUBILO CELESTE;3999;16;0,00;05;
01349809;ASSOC COMUN PEQUENOS PRODUTORES FAZENDA FELIZ DESERTO;3999;16;0,00;05;
01350679;CANDIDO MOVEIS E ELETRODOMESTICOS LTDA;2062;49;20000,00;01;
01351219;LAVA JATO TIGER LTDA;2062;49;30000,00;03;
01351316;SERVILO - SERVICOS E LOCACAO LTDA;2062;49;0,00;01;
01351449;DIRETORIO PARTIDO COMUNISTA BRASILEIRO;3999;16;0,00;05;
01351946;TENDA DE UMBANDA MANE BAIANO;3999;16;0,00;05;
01352146;PONCTUALLY MOVEIS E COLCHOES LTDA;2062;49;0,00;01;
01357121;AUDIO LINE COMERCIO DE ACESSORIOS PARA VEICULOS LTDA;2062;49;12000,00;01;
01774678;ELETRO LUIZ COM DE MATERIAIS ELET E DE CONSTRUCAO LTDA;2062;49;0,00;01;
02936310;EZIEL F. GOMES REPRESENTACOES LTDA;2062;49;0,00;05;
02936491;H G VISTORIAS DE SEGUROS LTDA;2062;49;0,00;05;
02936664;NOSBOR EMPREENDIMENTOS ESPORTIVOS LTDA;2062;49;0,00;01;
02937140;LAV & SEC LAVANDERIA RAPIDA LTDA;2240;49;0,00;01;
02937391;CONSTRUCAO CIVIL E TRANSPORTE ELDOSUL LTDA;2062;49;0,00;05;
02937408;APM E CONSELHO DE ESCOLA DA EMEFEI PROFESSORA MARIA REGINA BARBOSA CARPIM;3999;10;0,00;05;
02937425;AJV GRAFICA E ENCADERNADORA LTDA.;2062;49;20000,00;01;
02937588;CARLOS ANDRE TESCH D AVILA & CIA. S/C LTDA;2062;49;0,00;01;
02937611;A.M.B. SERVICOS ELETRICOS S/C LTDA;2062;49;0,00;05;
02937629;ASSOCIACAO DOS ESCRITORIOS DE CONTABILIDADE DE PONTAL;3999;16;0,00;05;
02938154;JFR ENGENHARIA E CONSULTORIA LTDA;2240;49;500000,00;03;
02938248;RENEGOCIACAO RECUPERACAO DE ATIVOS LTDA.;2062;49;0,00;01;
02938698;MINI MERCADO SUPERBEM LTDA;2062;49;0,00;03;
02939233;MULTART COMUNICACAO LTDA.;2062;49;0,00;05;
02939991;ASSOCIACAO DE PAIS E PROF.DA ESC.MUN. MULTI-SERIADA BOHEMUNDO ALVARES AFONSO;3999;16;0,00;05;
02940554;ADNV SERVICOS ADMINISTRATIVOS LTDA;2062;49;30000,00;01;
02940651;AFFAL IMPORTACAO E COMERCIO LTDA;2062;49;100000,00;01;
02941304;VIDA NOVA EMPREITEIRA E CONSTRUTORA DE OBRAS LTDA;2062;49;0,00;05;
02941404;RADIO COMUNITARIA PLANETA FM;3999;16;0,00;05;
02941859;AUTO LAVAGEM S. M. LTDA;2062;49;0,00;05;
02942954;BALOES COM ARTE LTDA;2062;49;0,00;05;
02943270;QUEBRA MAR PNEUS LTDA;2062;49;0,00;01;
02943813;CENTRO EDUCACIONAL CASA DA ABELINHA S/C LTDA;2240;49;0,00;01;
02944029;J.P.X COMBUSTIVEIS E CONVENIENCIAS - BARRA LTDA;2062;49;500000,00;05;
02944110;A. S. L. R. - CONSTRUCOES E SERVICOS LTDA;2062;49;0,00;01;
02944297;OCTO - ORGANIZACAO CONTABIL DO TOCANTINS LTDA;2062;49;100000,00;01;
02944998;CENTRO FORMADOR EM TECNICO E AUXILIAR DE ENFERMAGEM SANTA TEREZINHA S/C LTDA.;2240;49;0,00;01;
02945085;JERRI EMPLACAMENTOS LTDA;2062;49;120000,00;01;
02945399;BARRETO SERVICOS S/C;2240;28;0,00;05;
02945990;UNIPSI - COOPERATIVA DE PROFISSIONAIS DA AREA DE PSICOLOGIA;2143;16;0,00;05;
02946297;FRANCISDORIO REPRESENTACOES LTDA;2062;49;0,00;01;
02946456;IMEXPORT DO BRASIL LTDA;2062;49;30000,00;01;
02947888;TAS- TECNOAIR SYSTEM DO BRASIL LTDA;2062;49;0,00;01;
02948749;COOPER EVOLUTION SOCIEDADE COOPERATIVA DE TRABALHO;2143;16;0,00;05;
02948866;TECHJET EQUIPAMENTOS E SUPRIMENTOS PARA INFORMATICA LTDA;2062;49;0,00;05;
02949127;EXPRESSO CACAMBAS LTDA;2062;49;0,00;05;
02949605;JUSSARA DA COSTA ALVES & CIA LTDA;2062;49;0,00;01;
02950299;PRO-HOUSE EDICAO DE LIVROS LTDA;2240;49;50000,00;01;
02950330;LOTERIAS MINUTTI LTDA;2062;49;0,00;05;
02952201;MACHADO & TREVAS COMERCIO E MANUTENCAO DE EQUIPAMENTOS LTDA;2062;49;0,00;05;
02952352;ASSOCIACAO DOS AUDITORES FISCAIS DA RECEITA MUNICIPAL DE RIBEIRAO PRETO-AAFIRP;3999;16;0,00;05;
02952668;TERRAPLASTE TERRAPLANAGEM E VENDA DE PLASTICOS LTDA;2062;49;100000,00;01;
02952936;CASEL DE ITABORAI CONSERVACAO, ALIMENTACAO, SERVC E EVENTOS LTDA;2062;49;600000,00;03;
02953281;IGREJA EVANGELICA PENTECOSTAL  ASSEMBLEIA DE DEUS EL SHADAI 2 GERACAO;3999;16;0,00;05;
02953949;SISTEMA GENESE DE ENSINO LTDA;2062;49;0,00;05;
02954305;BAR E LANCHES RECANTO DO FAMILIA LTDA;2062;49;0,00;01;
02955541;MIRAMAX COMERCIO DE CONFECCOES LTDA;2062;49;0,00;01;
02955623;IGREJA BATISTA LIBERDADE;3999;16;0,00;05;
02956165;RESTAURANTE SCHUNGKING DE COMIDA CHINESA LTDA;2062;49;25000,00;01;
02956843;EXCELENCIA SERVICOS E TRANSPORTES LTDA;2062;49;267000,00;01;
02957511;ROHDE & SCHWARZ DO BRASIL LTDA.;2062;05;37999948,00;05;
02957756;REAL POCOS ARTESIANOS LTDA;2062;49;0,00;01;
02958002;V&F ADMINISTRADORA E CORRETORA DE SEGUROS LTDA;2062;49;0,00;01;
02958656;PADARIA E CONFEITARIA TONIMAR LTDA;2240;49;80000,00;01;
02959438;ALFA-TUR DE RESENDE TRANSPORTE, TURISMO E FRETAMENTO LTDA;2062;49;350000,00;01;
02960386;TELHAO DO ABC COMERCIO DE MATERIAIS DE CONSTRUCAO LTDA;2062;49;0,00;05;
02960608;ASSOCIACAO MARAGOJIPE DE CAPOEIRA;3999;16;0,00;05;
02960893;CASA DE PAES GOSTO DO TRIGO LTDA;2062;49;0,00;01;
02961047;MILLANINE REPRESENTACOES LTDA;2062;49;0,00;05;
02961246;SUPPORT RECURSOS HUMANOS LTDA;2062;49;81000,00;05;
02961486;ASSOCIACAO CATARINENSE DE PROTECAO AOS ANIMAIS - ACAPRA;3999;16;0,00;05;
02961965;H. SILVA NETO E CIA LTDA;2062;49;0,00;01;
02962469;KELLY GUEBARA & CIA LTDA;2062;49;0,00;05;
02963003;CB1 PROMOCOES E EVENTOS LTDA;2062;49;10000,00;03;
02963380;POINT 110 MATERIAL DESCARTAVEL LTDA;2062;49;0,00;01;
02964127;ANDALUZ CREDIT EIRELI;2305;65;300000,00;03;
02965551;BORBA EMPREENDIMENTOS PARTICIPACOES LTDA;2062;49;0,00;01;
02966042;OFICINA TAMAKAVI LTDA;2062;49;0,00;01;
02966310;ALFLEX IMPERMEABILIZANTES LTDA;2062;49;0,00;01;
02966433;JELP CONSTRUTORA LTDA;2062;49;0,00;01;
02966863;SANTANDER MOVEIS LTDA.;2062;49;40000,00;01;
02967237;J C ADMINISTRACAO DE IMPORTACAO E EXPORTACAO LTDA;2240;49;2000,00;01;
02967428;ANCORA - COMERCIO CONSTRUCOES E SERVICOS LTDA;2062;49;30000,00;01;
02968226;GREINER BIO-ONE BRASIL SERVICE TECH SISTEMAS, PRODUTOS E SERVICOS PARA SAUDE LTDA;2062;05;100000,00;05;
02968885;FRONTEIRA RURAL- NEGOCIOS RURAIS LTDA;2062;49;5000,00;01;
02969466;WALFLOR EMPREENDIMENTOS IMOBILIARIOS LTDA;2062;49;815960,00;05;
02969796;CRIS LENS OTICA LTDA;2062;49;0,00;01;
02970175;DRAFTT ENGENHARIA E PLANEJAMENTO LTDA;2062;49;252000,00;05;
02970669;S.T. PARTICIPACOES E EMPREENDIMENTOS LTDA;2062;49;547502,00;03;
02970736;SILVA S MATERIAIS E PRODUTOS PARA INDUSTRIA LTDA;2062;49;0,00;05;
02970900;FEMA SERVICOS ANESTESICOS LTDA;2062;49;0,00;03;
02971020;ROSALINO DA SILVA & ROCHA LTDA;2062;49;0,00;05;
02971655;KI AMOR MENSAGENS LTDA;2062;49;0,00;05;
02971706;JRM SOLUCOES, GESTAO DE CREDITO E FORMENTO MERCANTIL LTDA;2062;05;0,00;01;
02971785;CENTRO DE FORMACAO DE CONDUTORES DE CAMPINAS LTDA.;2240;05;2000,00;05;
02996489;CENTRO DE TRADICOES GAUCHAS QUERENCIA DO GENERAL ABREU;3999;16;0,00;05;
04087015;ASSOCIACAO DOS PEQUENOS PRODUTORES DE LEITE;3999;16;0,00;05;
04157466;MODINHA COMERCIO DE DISCOS LTDA;2062;49;0,00;01;
04307088;CONSTRUTORA CAPITAL S/A;2054;16;200000000,00;05;
04423649;BAZAR E MERCEARIA DOIS R DA SILVA LTDA;2062;49;0,00;01;
04700819;RADAWIN - CORRETORA E ADMINISTRADORA DE SEGUROS S/S LTDA.;2240;49;1000,00;01;
04700840;CENS - CENTRO EDUCACIONAL NOVO SABER LTDA;2062;49;30000,00;01;
04700883;ASSOCIACAO DOS MORADORES DO POVOADO CANTO DOS BOIS;3999;16;0,00;05;
04701050;SERRA - MAR COMERCIO E REPRESENTACOES LTDA;2062;49;0,00;01;
04701339;WEST PUBLICIDADE LTDA;2062;49;0,00;05;
04701562;W.M.T. TRANSPORTE DE CARGAS LTDA;2062;49;50000,00;05;
04701743;OPUS JMF COMERCIO E SERVICOS DE TELECOMUNICACOES LTDA;2062;49;80000,00;01;
04702401;CAETANO & PEREIRA VEICULOS LTDA;2062;49;0,00;01;
04702573;MONTEIRO & SILVA VESTUARIOS LTDA;2062;49;0,00;05;
04702590;RIBER MOTO DISTRIBUIDORA DE PECAS LTDA;2062;49;0,00;01;
04703833;COMERCIAL CRUZEIRO LTDA;2062;49;0,00;01;
04704165;L L COMERCIO, REPRESENTACOES E PARTICIPACOES LTDA;2062;49;10000,00;01;
04704584;BAR E LANCHONETE AEROPONTO LTDA;2062;49;0,00;05;
04705180;HAPOYO COMERCIO DE ARTIGOS ORTOPEDICOS LTDA;2062;49;0,00;01;
04705892;PRYNESFF PROMOCAO E DIVULGACAO DE LIVROS LTDA;2062;49;302686,00;01;
04706521;INDUSTRIAL ASSISTENCIA TECNICA DE FORNO E FOGAO RESIDENCIAL E INDUSTRIAL;2062;49;0,00;01;
04706984;CENTRO DE RECUPERACAO SOCIAL DE IGUATU;3999;16;0,00;05;
04707195;FARMINA PET FOODS BRASIL LTDA;2062;05;12636212,60;05;
04707708;VEGATECH SOLUCOES EM ENGENHARIA E TELECOMUNICACOES LTDA;2062;49;0,00;05;
04708328;MAGEAL ADMINISTRACAO E PARTICIPACAO LTDA;2062;49;2,00;05;
04708345;SUGANUMA CONSULTORIA E ASSESSORIA S/C LTDA;2240;28;0,00;01;
04708736;SS- SERVICOS DE TELENTREGA LTDA;2062;49;0,00;05;
04708834;ASSOCIACAO COMUNITARIA DO BAIRRO BOM JARDIM ACBBJ;3999;16;0,00;05;
04709548;SANTOS & GALVAO LTDA;2240;49;5000,00;01;
04709750;C & M GIROTTO REPRESENTACAO COMERCIAL LTDA;2062;49;0,00;05;
04709825;C L EMPREITEIRA LTDA;2062;49;0,00;01;
04709913;WALTRAM CONSULTORIA E SERVICOS DE INFORMATICA LTDA;2062;49;0,00;01;
04711256;MARCIO JOSUEL RIBEIRO & CIA LTDA;2062;49;0,00;05;
04711365;FERRAZ SERVICOS MEDICOS E DIAGNOSTICOS POR IMAGEM LTDA;2062;49;3000,00;01;
04711381;COOPERATIVA AGROPECUARIA DA COMUNIDADE INDIGINA BETANIA;3999;16;0,00;05;
04712091;MORAIS & COUTINHO LTDA.;2062;49;0,00;01;
04712357;STI BRASIL SOLUCOES EM TECNOLOGIA DA INFORMACAO LTDA.;2062;49;0,00;05;
04712420;MGR - MARINGA GERENCIAMENTO DE RESIDUOS LTDA;2062;49;220000,00;05;
04713408;COLEGIO MERIDIONAL LTDA;2062;49;0,00;01;
04713555;GIGI TEAR LTDA;2062;49;12000,00;01;
04713950;NVERSOS SAUDE LTDA;2062;49;2681084,00;03;
04714230;CEBRAC - CENTRO BRASILEIRO DE ASSISTENCIA AO COOPERADO;3999;16;0,00;05;
04714430;ABM CONSULTORIA E DESENVOLVIMENTO S/C LTDA;2240;49;3000,00;01;
04714714;PONTO A PONTO COSTURAS E AVIAMENTOS LTDA;2062;49;0,00;01;
04715858;RWS ASSESSORIA EMPRESARIAL & FINANCEIRA LTDA;2240;49;95400,00;01;
04715921;MARIA JOSE DIOGO IGNACIO LTDA;2062;49;100000,00;01;
04716987;ASSOCIACAO DOS PEQUENOS PRODUTORES RURAIS DO ASSENTAMENTO VILA BOM JARDIM;3999;16;0,00;05;
04717208;ADOS COMERCIO DE ROUPAS LTDA;2062;49;0,00;01;
04717219;BOMBONIERE E LANCHETERIA DOCE ENERGIA LTDA;2062;49;0,00;01;
04717557;HECLA - COMERCIO E REPRESENTACOES DE VESTUARIOS LTDA;2240;49;1000,00;05;
04717891;VISUAL SOFTWARE LTDA;2062;49;30000,00;05;
04717912;INTERMINAS SERVICOS DE REPRESENTACAO E IMOBILIARIA LTDA.;2062;49;78800,00;01;
04718072;PROCONTA - CONSULTORIA CONTABIL S/S LTDA;2240;49;0,00;01;
04718288;ANALYSES ENGENHARIA AMBIENTAL LTDA.;2062;49;0,00;05;
04718587;ORBAN AUTO PECAS LTDA;2062;49;0,00;05;
04718745;FESTAS & FESTAS - EVENTOS LTDA;2062;49;0,00;01;
04719103;ASSOCIACAO PRO - CRIANCA DE CAMPINAS;3999;16;0,00;05;
04719406;LOCADORA BREJETUBA LTDA;2062;49;150000,00;01;
04719418;CASSERO & TOMAZ LTDA;2062;49;0,00;05;
04719476;WECTRUS SISTEMAS DE AUTOMACAO LTDA;2062;49;10000,00;03;
04720064;DATALIDER COMERCIO DE EQUIPAMENTOS PARA TELECOMUNICACOES LTDA;2062;49;0,00;01;
04720478;MINI MERCADO G.S.P.R. LTDA;2062;49;0,00;01;
04721111;SOLEMAGIA TURISMO LTDA;2062;49;0,00;05;
04721797;ELETRICA SM LTDA.;2062;49;0,00;05;
04722084;GEFIN FOMENTO INDUSTRIAL E COMERCIAL LTDA.;2062;49;2439928,00;05;
04724022;COMISSAO DE FORMATURA DO CURSO SUPERIOR DE ENGENHARIA ELETRONICA E DE TELECOMUNICACOES - COFEET - 2002;3999;16;0,00;05;
04724686;AUTO PECAS E ELETRICA MG LTDA.;2062;49;0,00;01;
04724840;EL SHADDAI - POLIMENTOS LTDA;2062;49;0,00;05;
04724901;DUCK CONFECCOES LTDA;2062;49;0,00;01;
04724976;SECURITY BAG SERVICOS E LOCACAO DE EQUIPAMENTOS LTDA;2062;49;0,00;01;
04725020;DUENIU S CONFECCOES LTDA;2062;49;10000,00;01;
04725259;FONOCLIN SERVICOS DE FONOAUDIOLOGIA LTDA;2062;49;10000,00;01;
04725366;BULEGON E BULEGON COMERCIO DE REPRESENTAES LTDA;2062;49;0,00;01;
04725799;CONSTRUTORA BURITI LTDA;2062;49;0,00;03;
04726176;FGH - EMPRESA DE PARTICIPACOES LTDA;2062;49;0,00;05;
04727085;QUALYMASTER MECANICA INDUSTRIAL LTDA;2062;49;100000,00;01;
04727742;ASSOCIACAO ATLETICA UNIAO GUARULHENSE;3999;16;0,00;05;
04727879;DUNASRIOS COMERCIO E REPRESENTACOES LTDA;2062;49;30000,00;01;
04728346;IGREJA ALIANCA COM CRISTO EM MISSOES;3999;16;0,00;05;
04728362;M & S INTERNACIONAL REPRESENTACOES COMERCIAIS LTDA;2062;49;0,00;01;
04729155;ASSOCIACAO DE PAIS E MESTRES DO COLEGIO SANTO INACIO;3999;16;0,00;05;
04729403;DI EPOCA E ESTILO MOVEIS LTDA;2062;49;0,00;01;
04729590;COSAN AGRICOLA LTDA.;2062;05;0,00;05;
04729874;NEIVA DAHMER & CIA LTDA;2062;49;10000,00;01;
04730216;IGREJA EVANGELICA PENTECOSTAL DIVINA GRACA;3999;16;0,00;05;
04730452;AUDIO SYSTEM COMERCIO LTDA;2062;49;150000,00;03;
04730839;MOLDPAR-ESTRUTURAS PRE MOLDADAS LTDA.;2062;49;0,00;01;
04730916;CENTRO EDUCACIONAL DE ITABORAI PEDRO E SANTANA LTDA;2062;49;30000,00;01;
04732054;APHA ASSOCIACAO PROJETO HOMEM DO AMANHA;3999;16;0,00;05;
04732252;FUTURA CONSULTORIA S/C.LTDA;2240;49;0,00;05;
04732328;R. KRUGNER - ASSESSORIA S/C LTDA;2240;49;0,00;05;
04732497;MODENA VEICULOS LTDA;2062;49;0,00;05;
04733164;BLESSING INFORMATICA LTDA;2062;49;0,00;01;
04733261;CENTRO PAULISTANO DE SOROBAN LTDA.;2240;28;0,00;05;
04733277;MAHEN COMERCIO DE CONFECCOES LTDA;2062;49;0,00;01;
04733553;ASSOCIACAO DOS PRODUTORES AGROPECUARIOS DOS PICOS;3999;16;0,00;05;
04733849;ORBE SINDICAL - CONSULTORIA E ASSESSORAMENTO S/C LTDA;2240;49;0,00;01;
04734605;I.M. ATACADO DE CONFECCOES LTDA;2062;49;0,00;01;
04735105;BABY SACKS INDUSTRIA E COMERCIO LTDA;2062;49;0,00;01;
04735119;EDIMAR R DREWANZ & CIA LTDA;2062;49;0,00;01;
04736367;ACOUGUE DOIS IRMAOS DE QUEIMADOS LTDA;2062;49;10000,00;01;
04736460;E.E.I. VIVENCIA E APRENDIZAGEM S/C. LTDA.;2240;49;0,00;05;
04736834;WORLD PARK REPRESENTACOES LTDA;2062;49;0,00;05;
04737150;TRANSPORTERRA EXTRACAO COMERCIO E TRANSPORTE DE PRODUTOS MINERAIS LTDA;2062;49;260000,00;01;
04737225;JOCA MONTAGENS E MANUTENCAO DE MAQUINAS E EQUIPAMENTOS S/C.LTDA;2240;49;1000,00;01;
04737467;BALPLAN - SERCICOS AGROPECUARIOS LTDA.;2062;49;0,00;01;
04737833;JANAINA & OZENILDA SERVICOS LTDA;2062;49;0,00;01;
04737895;BLANCO CONSULTORIA E ANALISE LTDA;2240;28;0,00;01;
04737929;BLUE MIDIA COMUNICACAO LTDA;2062;49;0,00;01;
04738028;RIBOLETTA DO LEBLON FESTAS INFANTIS LTDA;2062;49;0,00;05;
04738219;ALFATRONI COMPUTADORES E SERVICOS LTDA;2062;49;0,00;01;
04738657;PASTELINHO CATAGUASES LTDA;2062;49;0,00;01;
04738744;BARBOSA & MENDES;2062;49;0,00;05;
04739326;NORTE SAUDE S/C LTDA;2240;49;638664,00;05;
04739557;DALSON IMPORTACOES LTDA;2062;49;0,00;05;
04739812;O.K. EMBREAGENS , COMERCIO DE PECAS E SERVICOS LTDA;2062;49;0,00;05;
04739872;MARIA WEBBER DOS REIS & CIA LTDA;2062;49;0,00;01;
04739941;HALL HOTEIS ALBUQUERQUE LIMA LTDA;2062;49;0,00;01;
04740075;PYMPID'US INDUSTRIA E COMERCIO LTDA;2062;49;10000,00;01;
04740145;CAROL PET SHOP COMERCIO DE RACOES ACESSORIOS BANHO E TOSA LTDA;2062;49;5000,00;01;
04740169;SCHEME INFORMATICA LTDA.;2240;49;0,00;01;
04740683;MANZOLI COMUNICACAO LTDA;2062;49;1000,00;01;
04740798;CHINA PESCADOS MARISCOS E ALIMENTOS LTDA;2062;49;100000,00;05;
04740910;IBIRAPUERA PLAZA CABELO E ESTETICA LTDA;2062;49;50000,00;03;
04741048;PARQUE HIPICO DE BRASILIA;3999;16;0,00;05;
04741136;MBA SERVICE LTDA;2062;49;0,00;01;
04741610;SPREAD ASSESSORIA LTDA;2062;49;0,00;01;
04741721;DALMONIS DE SOUZA & CIA LTDA;2062;49;0,00;01;
04741897;ASSOCIACAO COMUNITARIA - AMIGOS DE NOVA GLORIA - AMING;3999;16;0,00;05;
04742531;MASTERSIGN CERTIFICADORA DIGITAL LTDA.;2062;05;9894212,00;05;
05262484;THALIA VIEIRA PIMENTEL EMPREENDIMENTOS LTDA;2062;49;100000,00;05;
06044728;EXPANSAO COMERCIO DE ARTIGOS ESPORTIVOS E PAPELARIA LTDA;2062;49;10000,00;01;
06864435;EUROTECH INDUSTRIA E COMERCIO DE CARRINHOS LTDA;2062;49;0,00;05;
06865263;P. T . G. QUERENCIA DA TRADICAO;3999;16;0,00;05;
06865384;ECHO CONTINENTAL - CENTRO EDUCACIONAL E COLEGIO LTDA;2062;49;100000,00;05;
06865846;COMERCIAL BAHIA LTDA;2062;49;80000,00;05;
06866243;MEGA - CONCRETOS DE ALTA TECNOLOGIA LTDA;2062;49;0,00;05;
06866295;ASSOCIACAO CAIAKAGEM DE CANOAGEM - ACKC;3999;16;0,00;05;
06867162;RADIO ION COMERCIO DE ELETRONICA LTDA;2062;49;0,00;05;
06867328;BERGAMASCHI ADVOGADOS ASSOCIADOS;2232;49;50000,00;05;
06867341;GUESSER COMERCIO E REPRESENTACAO LTDA;2062;49;10000,00;05;
06869959;ELEICOES 2004 CF - VARZELANDIA - MG - COMITE FINANC MUN P/VEREADOR - PFL;3999;16;0,00;05;
06869976;ELEICOES 2004 CF - PARAGUACU - MG - COMITE FINANC MUN P/VEREADOR - PPS;3999;16;0,00;05;
06870600;ELEICOES 2004 CF - INHUMA - PI - COMITE FINANC MUN UNICO - PSL;3999;16;0,00;05;
06870872;ELEICOES 2004 CF - AGUIAR - PB - COMITE FINANC MUN P/VEREADOR - PSDC;3999;16;0,00;05;
06871083;ELEICOES 2004 CF - LAGOA GRANDE - PE - COMITE FINANC MUN P/VEREADOR - PP;3999;16;0,00;05;
06873008;ELEICOES 2004 CF - BRASILANDIA - MS - COMITE FINANC MUN P/VEREADOR - PPS;3999;16;0,00;05;
06873271;ELEICOES 2004 CF - CATOLANDIA - BA - COMITE FINANC MUN UNICO - PFL;3999;16;0,00;05;
06873450;ELEICOES 2004 CF - DIORAMA - GO - COMITE FINANC MUN UNICO - PP;3999;16;0,00;05;
06873520;ELEICOES 2004 CF - POCO DANTAS - PB - COMITE FINANC MUN P/PREFEITO - PMDB;3999;16;0,00;05;
06873536;ELEICOES 2004 CF - TACURU - MS - COMITE FINANC MUN P/VEREADOR - PSDB;3999;16;0,00;05;
06873564;ELEICOES 2004 CF - JUCURUTU - RN - COMITE FINANC MUN UNICO - PDT;3999;16;0,00;05;
06873592;ELEICOES 2004 CF - SANTO ANTONIO DO ITAMBE - MG - COMITE FINANC MUN UNICO - PT;3999;16;0,00;05;
06873953;ELEICOES 2004 CF - PRESIDENTE JUSCELINO - MA - COMITE FINANC MUN UNICO - PSDB;3999;16;0,00;05;
06873994;ELEICOES 2004 CF - BOA VISTA DO GURUPI - MA - COMITE FINANC MUN P/VEREADOR - PHS;3999;16;0,00;05;
06875112;ELEICOES 2004 CF - BARRA DE GUABIRABA - PE - COMITE FINANC MUN UNICO - PFL;3999;16;0,00;05;
06875384;ELEICOES 2004 CF - GUARABIRA - PB - COMITE FINANC MUN UNICO - PL;3999;16;0,00;05;
06875404;ELEICOES 2004 CF - TUBARAO - SC - COMITE FINANC MUN P/VEREADOR - PC DO B;3999;16;0,00;05;
06875597;ELEICOES 2004 CF - MIRADOR - MA - COMITE FINANC MUN UNICO - PV;3999;16;0,00;05;
06875657;ELEICOES 2004 CF - JAPERI - RJ - COMITE FINANC MUN P/VEREADOR - PRONA;3999;16;0,00;05;
06875669;ELEICOES 2004 CF - CAMOCIM - CE - COMITE FINANC MUN UNICO - PT;3999;16;0,00;05;
06875704;ELEICOES 2004 CF - BREJO GRANDE DO ARAGUAIA - PA - COMITE FINANC MUN P/PREFEITO - PMDB;3999;16;0,00;05;
06876028;ELEICOES 2004 CF - SAO BENTO DO TOCANTINS - TO - COMITE FINANC MUN P/VEREADOR - PT;3999;16;0,00;05;
06876102;ELEICOES 2004 CF - FORMOSO DO ARAGUAIA - TO - COMITE FINANC MUN P/VEREADOR - PSDC;3999;16;0,00;05;
06876386;ELEICOES 2004 CF - LAGOA DA CONFUSAO - TO - COMITE FINANC MUN UNICO - PRTB;3999;16;0,00;05;
06876728;ELEICOES 2004 CF - MONTEIROPOLIS - AL - COMITE FINANC MUN UNICO - PRP;3999;16;0,00;05;
06876789;ASSOCIACAO DOS MORADORES DO CONJUNTO 03, DA QI 15 SHIS;3999;16;0,00;05;
06877045;M.A. CLEMENTE CORRETORA DE SEGUROS DE VIDA LTDA.;2062;49;0,00;01;
06877147;ELISANGELA BERNARDI CORRETORA DE SEGUROS DE VIDA LTDA;2240;49;0,00;01;
06877316;CONCRESULCA METAL SUL CATARINENSE LTDA;2062;49;0,00;01;
06877498;R.M.A. IMPRESSAO DIGITAL LTDA;2062;49;0,00;01;
06877790;ASSOCIACAO NOVA ESPERANCA DO REASSENTAMENTO DE ITACAMBIRA;3999;16;0,00;05;
06877957;WEDO CONSULTORIA EM INFORMATICA LTDA;2062;49;0,00;01;
06878175;TEIXEIRA E SILVA MANUTENCAO PREDIAL LTDA;2062;49;600000,00;01;
06878285;REPLICAR COMERCIO DE VEICULOS LTDA;2062;49;0,00;01;
06878364;ATLANTIDA CONSULTORIA E SERVICOS LTDA;2062;49;0,00;01;
06879171;MKR MOVEIS LTDA;2062;49;0,00;01;
06879192;S.M. COBRANCA EXTRAJUDICIAL LTDA;2062;49;0,00;01;
06879308;CTN AGROINDUSTRIA E PARTICIPACOES S/A;2054;10;0,00;05;
06879836;TELHEIRO RESTAURANTE LTDA;2062;49;100000,00;05;
06879859;G& S COMERCIO E BENEFICIAMENTO DE PLASTICOS LTDA;2062;49;5000,00;01;
06879895;KINKAS AUTO LOCADORA LTDA;2062;49;10000,00;01;
06880370;DAUMETAIS INDUSTRIA DE CONFORMACAO LTDA;2062;49;5000,00;01;
06880903;GLADIADORES DO REI SEGURANCA E VIGILANCIA LTDA;2062;49;0,00;05;
06880972;UTM - CONSTRUCAO E TOPOGRAFIA LTDA;2062;49;0,00;05;
06881011;RA INSTITUTO DE BELEZA E COSMETICOS LTDA;2062;49;0,00;05;
06881113;M & R ECOLOG ENGENHARIA LTDA;2062;49;500000,00;01;
06881276;RED STAR METAIS LTDA;2062;49;15000,00;01;
06881324;NATALIE COSTA ASSESSORIA CONTABIL LTDA;2240;49;0,00;01;
06881484;ELO HOLDINGS LTDA;2062;49;0,00;05;
06881645;U-BOAT CONSULTORIA EM INFORMATICA LTDA.;2240;49;0,00;01;
06881758;CRISTINA ZUCCHELLI COMERCIO E REPRESENTACOES LTDA;2062;49;0,00;01;
06881801;FERREIRA & QUEIROZ EMPREENDIMENTOS IMOBILIARIOS LTDA;2062;49;20000,00;05;
06881818;ELEICOES 2004 COMITE FINANCEIRO TRAIRI-CE - VEREADOR - PRP;3999;16;0,00;05;
06881839;ASVS SERVICOS GERAIS DE ESCRITORIO LTDA;2240;49;0,00;01;
06882231;COMERCIAL COLOMBAROLLI - DISTRIBUIDORA DE ALIMENTOS LTDA;2062;49;0,00;01;
06882894;ELEICOES 2004 CF - BAYEUX - PB - COMITE FINANC MUN UNICO - PTB;3999;16;0,00;05;
06883147;ELEICOES 2004 CF - RIBEIRA DO PIAUI - PI - COMITE FINANC MUN UNICO - PC DO B;3999;16;0,00;05;
06883214;ELEICOES 2004 CF - ITAPARICA - BA - COMITE FINANC MUN P/VEREADOR - PP;3999;16;0,00;05;
06883289;ELEICOES 2004 CF - PARAISO DO TOCANTINS - TO - COMITE FINANC MUN P/VEREADOR - PDT;3999;16;0,00;05;
06883387;ELEICOES 2004 CF - BARAUNA - PB - COMITE FINANC MUN UNICO - PSDB;3999;16;0,00;05;
06883447;ELEICOES 2004 CF - CHAPADA DOS GUIMARAES - MT - COMITE FINANC MUN P/VEREADOR - PV;3999;16;0,00;05;
06883485;ELEICOES 2004 CF - PEDRA LAVRADA - PB - COMITE FINANC MUN P/VEREADOR - PT;3999;16;0,00;05;
06884348;ELEICOES 2004 CF - COREMAS - PB - COMITE FINANC MUN P/VEREADOR - PMN;3999;16;0,00;05;
06884484;ELEICOES 2004 CF - CATUTI - MG - COMITE FINANC MUN UNICO - PPS;3999;16;0,00;05;
06885077;PERSONAL RENT A CAR LTDA;2062;49;115000,00;03;
06885119;WARM PARTICIPACOES LTDA;2062;49;1000,00;01;
06885616;LAR ASSESSORIA LTDA;2062;49;0,00;01;
06886551;ALGODAO DOCE COMERCIO VAREJISTA DE ROUPAS LTDA;2062;49;0,00;01;
06886640;BOMSUCESSO PARTICIPACOES LTDA;2062;05;0,00;05;
06886730;SPACO FREE ESTACIONAMENTO LTDA;2062;49;0,00;01;
06886960;THORUS SCISOFT TECNOLOGIA LTDA;2062;49;25000,00;01;
06887234;ASSOCIACAO DOS MORADORES DO DISTRITO DE ANA TERRA;3999;16;0,00;05;
06887559;MINIMERCADO IRMAOS M.J. LTDA;2062;49;0,00;01;
06887885;BAZAR E PAPELARIA ESTRELA DA MANHA LTDA;2062;49;0,00;05;
06888680;LARSONIA SERVICOS DE VIAGENS E TURISMO LTDA;2062;49;30000,00;05;
06889044;J.F.S.M. REPRESENTACOES DE COSMETICOS LTDA;2062;49;0,00;01;
06889855;VIDA URGENTE- SEVICOS DE REMOCOES LTDA;2062;49;0,00;01;
06890182;VALINOTO CAMARGO E CIA LTDA;2062;49;0,00;01;
06890499;COMERCIO DE PECAS E ACESSORIOS R.S. LTDA;2062;49;70000,00;03;
06892324;ELEICOES 2004 CF - ARAMARI - BA - COMITE FINANC MUN P/VEREADOR - PT DO B;3999;16;0,00;05;
06892458;ELEICOES 2004 CF - BURITIZEIRO - MG - COMITE FINANC MUN P/VEREADOR - PSDB;3999;16;0,00;05;
06892480;DENTALMED SAUDE INTEGRADA LTDA;2062;49;0,00;01;
06892826;ELEICOES 2004 CF - IRAUCUBA - CE - COMITE FINANC MUN UNICO - PRP;3999;16;0,00;05;
06893920;SEVLIMP EQUIPAMENTOS LTDA;2062;49;100000,00;01;
06894417;ELEICOES 2004 CF - ITANHANGA - MT - COMITE FINANC MUN UNICO - PTB;3999;16;0,00;05;
06894460;SOUSA BAHIA UTILIDADES DO LAR LTDA;2062;49;40000,00;01;
06894853;CASA DAS ENGRENAGENS LTDA;2062;49;0,00;01;
06895004;FISCHER VALENTE INDUSTRIA E COMERCIO DE FREIOS LTDA;2062;49;100000,00;03;
06895281;IGREJA EVANGELICA ASSEMBLEIA DE DEUS FONTE DOS MILAGRES;3999;16;0,00;05;
06898151;ELEICOES 2004 CF - COLATINA - ES - COMITE FINANC MUN P/VEREADOR - PV;3999;16;0,00;05;
06898245;CENTER CARNES JD. SAO MANOEL LTDA;2062;49;96000,00;01;
06898664;ELEICOES 2004 CF - MOGI DAS CRUZES - SP - COMITE FINANC MUN P/VEREADOR - PSC;3999;16;0,00;05;
06898687;ELEICOES 2004 CF - DIVINO DE SAO LOURENCO - ES - COMITE FINANC MUN P/VEREADOR - PAN;3999;16;0,00;05;
06898707;ELEICOES 2004 CF - SETE BARRAS - SP - COMITE FINANC MUN P/VEREADOR - PDT;3999;16;0,00;05;
06899265;ELEICOES 2004 CF - MIRINZAL - MA - COMITE FINANC MUN P/VEREADOR - PC DO B;3999;16;0,00;05;
06899704;ELEICOES 2004 CF - JURIPIRANGA - PB - COMITE FINANC MUN UNICO - PP;3999;16;0,00;05;
06899936;ELEICOES 2004 CF - DOIS RIACHOS - AL - COMITE FINANC MUN P/VEREADOR - PSDB;3999;16;0,00;05;
06900094;ELEICOES 2004 CF - ITAPIRANGA - AM - COMITE FINANC MUN UNICO - PV;3999;16;0,00;05;
06900154;ELEICOES 2004 CF - ITAOCARA - RJ - COMITE FINANC MUN UNICO - PFL;3999;16;0,00;05;
06900552;DIGESSO-COMERCIO DE GESSO LTDA;2062;49;60000,00;01;
06900576;AMAS COMERCIO DE MATERIAL DE CONSTRUCAO LTDA;2062;49;32000,00;01;
06900704;ENDURANCE RENT A CAR LOCADORA DE VEICULOS LTDA;2062;49;20000,00;01;
06901438;JANFALIDO REFEICOES E LANCHES LTDA;2062;49;0,00;01;
06905229;ELEICOES 2004 CF - PRESIDENTE DUTRA - MA - COMITE FINANC MUN P/VEREADOR - PL;3999;16;0,00;05;
06905772;CLUBE ESPORTIVO VASCO DA GAMA;3999;16;0,00;05;
06905827;CARLO COMUNICACAO E CULTURA LTDA;2062;49;0,00;01;
06905906;SELANO COMERCIAL DE ALIMENTOS LTDA;2062;49;0,00;01;
06905927;MAKE COMERCIO DE EQUIPAMENTOS PARA INFORMATICA E GAMES LTDA;2062;49;0,00;05;
06906241;GRUPO TECNICO DE ENGENHARIA CIVIL LTDA;2240;49;3000,00;01;
06906569;BAR E RESTAURANTE COISA & TAL LTDA;2062;49;20000,00;01;
06906828;JVS COMERCIO DE PECAS E SERVICOS MECANICOS LTDA;2062;49;0,00;05;
06906948;SONO COLCHOES LTDA;2062;49;0,00;01;
06907371;DATI - DESENVOLVIMENTO, ADMINISTRACAO, TREINAMENTO E IMPLANTACAO LTDA.;2240;49;0,00;01;
06907783;STRACERI CORRETORA DE SEGUROS E SOLUCOES FINANCEIRAS LTDA;2062;49;10000,00;05;
06909602;ELEICOES 2004 CF - TUFILANDIA - MA - COMITE FINANC MUN UNICO - PRTB;3999;16;0,00;05;
06909710;ELEICOES 2004 CF - SAO FRANCISCO - PB - COMITE FINANC MUN UNICO - PSDB;3999;16;0,00;05;
06909856;ELEICOES 2004 CF - RIBEIRA DO PIAUI - PI - COMITE FINANC MUN UNICO - PSB;3999;16;0,00;05;
06909969;ELEICOES 2004 CF - VERTENTE DO LERIO - PE - COMITE FINANC MUN UNICO - PP;3999;16;0,00;05;
06910312;KES SERVICOS, PROJETOS, MONTAGENS, MANUTENCAO E OBRAS INDUSTRIAIS LTDA;2062;49;0,00;01;
06910711;IDEAL PORC SUINOCULTURA LTDA;2062;49;0,00;01;
07547423;PIMENTEL E OLIVEIRA MATERIAIS ELETRICOS LTDA;2062;49;0,00;01;
07566461;SULVELOX INFORMATICA LTDA;2062;49;200000,00;01;
07692308;LANCHONETE - CAFE FIORE LTDA;2062;49;2000,00;01;
07724616;CONSTRUMAR DE UNAMAR MATERIAIS DE CONSTRUCAO E SERVICOS LTDA.;2062;49;50000,00;01;
07736034;RDE COMERCIO DE GENEROS ALIMENTICIOS LTDA;2062;49;9000,00;01;
07737235;TRATORANA TERRAPLANAGEM LTDA;2062;49;150000,00;01;
07800578;SWPR- CHOPERIA COMERCIAL LTDA;2062;49;50000,00;05;
07843803;ALPHA ELEVADORES LTDA;2062;49;15000,00;05;
07855682;LADEI COMERCIO DE ROUPAS E ACESSORIOS LTDA;2062;49;10000,00;01;
07932980;FREE MANUTENCAO E CONSERTO DE APARELHOS ELETRONICOS LTDA;2062;49;10000,00;01;
07964575;G7 CONSTRUTORA LTDA;2062;49;220000,00;05;
07999794;CW E FILHOS - TRANSPORTE RODOVIARIO LTDA;2062;49;20000,00;01;
08018799;RIDS RJ - CONFECCOES DE ROUPAS E ACESSORIOS LTDA.;2062;49;20000,00;01;
20430286;CONFEL COMERCIO DE MATERIAIS DE CONSTRUCAO LTDA;2062;49;0,00;01;
20435764;MONTEIRO REPRESENTACOES LTDA;2240;49;5000,00;01;
20436523;HOSP DE EMERGENCIA DA SOCIEDADE DE SAO VICENTE DE PAULO;3999;16;0,00;05;
20440384;GONCALVES & RIOS LTDA;2062;49;0,00;01;
20447645;REDE JUIZ DE FORA DE RADIODIFUSAO LTDA;2062;05;100000,00;05;
20462156;M.PEREIRA & CIA LTDA;2062;49;20000,00;01;
20466587;FEDERACAO DOS CAPOEIRISTAS DE MINAS GERAIS;3999;16;0,00;05;
20470662;ASSOCIACAO COMUNITARIA PASSAGENSE;3999;16;0,00;05;
20472791;CRECHE NOSSA SENHORA AUXILIADORA DO BAIRRO SANTA MARIA;3999;16;0,00;05;
20517637;BAZAR E RESTAURANTE CANTAO LTDA;2062;49;0,00;01;
20529756;SOCIEDADE RECREATIVA LE PINHEIRO DE MATO VERDE;3999;16;0,00;05;
20535449;CAFEEIRA ANDREIA LTDA;2062;49;0,00;05;
20540662;CASA ESPIRITA ANDRE LUIZ;3999;16;0,00;05;
20542320;BRANT E SANTOS LTDA;2062;49;0,00;01;
20570081;SERRA CLUBE DE DIAMANTINA;3999;16;0,00;05;
20572335;FUNDACAO AGROPECUARIA DE CORINTO FUNAPEC;3069;16;0,00;05;
20582276;GF TINTAS PECAS E ACESSORIOS LTDA;2062;49;0,00;01;
20583282;AGREMIACAO ESPIRITA PARACATUENSE;3220;16;0,00;05;
20583944;ASSOCIACAO COMUNITARIA DO BAIRRO JARDIM SAO GERALDO;3999;16;0,00;05;
20602579;DESTILARIA CURVELO LTDA;2062;49;500000,00;03;
20626180;ALFATELE LTDA;2062;49;0,00;01;
20664264;CONGREGACAO CRISTA NO BRASIL;3220;05;0,00;05;
20675419;O MUNDO DOS OCULOS LTDA;2062;49;7840,32;01;
20702940;GRAFICA FERREIRA BRITO LTDA;2062;49;0,00;01;
20705968;GRUPO DAS SAMARITANAS;3999;16;0,00;05;
20724043;ITAPOA DIST CIM MATERIAIS P CONSTRUCAO LTDA;2062;49;0,00;05;
20726295;SOCIEDADE ESPORTIVA PARANAIBANA;3999;16;0,00;05;
20733747;CLUBE DE CACA E PESCA MONTE ALEGRE DE MINAS;3999;16;0,00;05;
20792016;CONFECCOES CANUTO & SOUZA LTDA;2062;49;0,00;05;
20811295;JIUGRAFICA EIRELI;2305;65;100000,00;01;
20815833;DROGARIA DA PRACA VALDINELLY LTDA.;2062;49;0,00;05;
20837886;J B PECAS LTDA;2062;49;0,00;01;
20844528;MANHUACU CORRETORA DE SEGUROS LTDA;2240;49;0,00;01;
38056776;WEGA EMPREENDIMENTOS IMOBILIARIOS LTDA;2062;49;200000,00;03;
38059036;WING ASSESSORIA E CONSULTORIA LTDA;2062;49;0,00;01;
38073706;ASTRA BRASILIA EMPRESA DE DESINSETIZACAO LTDA;2062;49;50000,00;03;
38127940;BOINVEST AMBIENTAL S/A;2054;16;4545454,56;05;
38139275;UNI-REDES CONSTRUTORA LTDA;2062;49;300000,00;01;
38458600;BARTONELLI COMUNICACAO LTDA;2062;49;5000,00;05;
38466272;RECOBRA REPRESENTANTE DE COBRANCAS LTDA;2062;49;1500,00;01;
38466827;TEIXEIRA VIANA & CIA LTDA;2062;49;0,00;01;
38474441;OS REIS DA EMPADA LTDA;2062;49;5500,00;01;
38483400;HOTTMA MERCEARIA LTDA;2062;49;0,00;01;
38515433;IPATINGA FRENTE INTERPARTIDARIA DESENV ECON E SOCIAL;3999;16;0,00;05;
38516928;CAIXA ESCOLAR CRESER-APAE TIMOTEO;3999;16;0,00;05;
38518155;TRANSPORTADORA GRACIANO LTDA;2240;49;0,00;01;
38522751;SOCIEDADE CURVELANA DE EDUCACAO E CULTURA LTDA;2062;49;0,00;05;
38525689;SKILL INFORMATICA LTDA.;2062;49;0,00;01;
38527651;SANTINHO - INDUSTRIA E COMERCIO LIMITADA;2062;49;0,00;01;
38561601;LOHNER & ASSUNCAO LTDA;2062;49;0,00;01;
38566386;SERRARIA CARDOSO OLHOS DAGUA LTDA;2062;49;30000,00;01;
38588372;ZIMEX BRASIL REPRESENTACOES COMERCIO IMPORTACAO E EXPORTACAO LTDA;2062;49;300000,00;05;
38601894;OSVALDO VEICULOS LTDA;2062;49;0,00;01;
38638151;COMERCIAL PINHEIRO DE MONTES CLAROS LTDA;2062;49;0,00;01;
38641999;OVER NIGHT MODA INTIMA LTDA;2062;49;20000,00;01;
38643565;GLADYS MAURICIO E CIA LTDA;2062;49;10000,00;01;
38660098;KWALTRAN NEGOCIOS IMOBILIARIOS E EMPREENDIMENTOS LTDA;2062;49;40000,00;01;
38683512;COMERCIAL NERFI LTDA;2062;49;0,00;01;
38684767;INVESTIMOVEIS ENGENHARIA E EMPREENDIMENTOS IMOBILIARIOS LTDA;2062;49;105212,00;01;
38689394;VESTRO CONFECCOES LTDA;2062;49;0,00;01;
38700506;GOMES & SILVA PEDRAS E MATERIAIS PARA CONSTRUCAO LTDA;2062;49;40,00;01;
38712378;REDIL ENGENHARIA ELETRICA COMERCIO E INDUSTRIA LTDA;2062;49;0,00;05;
38720546;MECANICA SANTA CRUZ LTDA;2062;49;5000,00;05;
38723409;TRANSPORTES MILMAR LTDA;2062;49;0,00;01;
38735312;BCMN-ASSESSORIA LINGUISTICA LTDA;2062;49;0,00;01;
38739454;NATAN ROZENBAUM ARQUITETURA E URBANISMO LTDA;2240;49;10000,00;01;
38771929;ALGE COMERCIO E REPRESENTACAO LTDA;2062;49;100,00;01;
